model,Precision@5,Recall@5,HitRate@5,NDCG@5,MAP@5,Precision@10,Recall@10,HitRate@10,NDCG@10,MAP@10,Precision@20,Recall@20,HitRate@20,NDCG@20,MAP@20,Coverage,RMSE,MAE,training_time,evaluation_time
ItemKNN(k=50),0.008985879332477536,0.021287976037655112,0.0410783055198973,0.014036763600249663,0.008809370988446728,0.0071887034659820276,0.03412494651262302,0.057766367137355584,0.019061970711139607,0.010939187399392791,0.005905006418485237,0.0558408215661104,0.09114249037227215,0.02582481898127724,0.012861341752908598,1.4349315068493151,1.7251719932158378,1.356719286300881,0.04105401039123535,2.059391975402832
NMF(n_factors=50),0.0025673940949935813,0.006204535729567822,0.012836970474967908,0.005100292067895438,0.0033910997004706887,0.0038510911424903724,0.01668806161745828,0.03594351732991014,0.009581738170312104,0.0050021734553185124,0.0037227214377406935,0.033269148480958494,0.06675224646983312,0.014758542581225808,0.006261174584720391,1.2568493150684932,3.7921237333902584,3.5712599940937313,0.12816810607910156,0.10328817367553711
SVD(n_factors=50),0.003337612323491657,0.008237056054771073,0.01668806161745828,0.0062287560444356715,0.004050777349878762,0.0034659820282413353,0.016260162601626015,0.03337612323491656,0.009458758978246098,0.005160258369500988,0.003979460847240051,0.03662815575524177,0.07445442875481387,0.01562241360131638,0.006478069310459412,1.1815068493150684,3.787128054678093,3.566353570870908,0.051102399826049805,0.1052088737487793
UserKNN(k=50),0.001540436456996149,0.004278990158322635,0.007702182284980745,0.0035635931081274518,0.0027100271002710027,0.0011553273427471118,0.00652545999144202,0.011553273427471117,0.0043771024977137755,0.0029977127778796583,0.0011553273427471118,0.012302096705177576,0.023106546854942234,0.006117764908724781,0.003384604804694663,0.8253424657534246,1.5622464169669668,1.2417828549436676,0.04229402542114258,2.4845428466796875
Popularity,0.00025673940949935817,0.0006418485237483953,0.0012836970474967907,0.00030449000355493736,0.00012836970474967908,0.0005134788189987163,0.002888318356867779,0.005134788189987163,0.0011140194740381429,0.00040382969619169877,0.0005134788189987163,0.005562687205819426,0.010269576379974325,0.0019025552363945155,0.0005811021456079222,0.07191780821917808,1.410653730998072,1.1412580183666574,0.004873991012573242,0.04351687431335449
